INSERT INTO conteudos (con_id, con_data_atualizacao, con_data_cadastro, con_descricao, con_link, con_titulo, con_bol_id)
VALUES ('2700b904-4282-44be-ad2e-15e24589ac1c',
        '2021-07-15',
        '2021-07-15',
        'A criação de galinhas caipiras pode ser feita com o uso de recursos renováveis, em locais de pequena infraestrutura. Sendo um animal capaz de suportar adversidades climáticas e resistir a doenças.',
        'https://www.abbacursos.com.br/curso-de-criacao-de-galinha-caipira',
        'Criação de Galinhas Caipiras.',
        '451228f5-cb48-47b0-9a9a-d61629bd6a67'),
       ('1f69f117-7e1f-43d7-a6b3-78d250f39256',
        '2022-03-29',
        '2022-03-29',
        'Curso de introdução à agricultura orgânica, abordando técnicas de cultivo sem uso de agrotóxicos.',
        'https://www.cursodeagriculturaorganica.com.br/introducao',
        'Introdução à Agricultura Orgânica',
        '451228f5-cb48-47b0-9a9a-d61629bd6a67'),
       ('2fd07b0d-3c83-4f50-ba2d-5b44d80d10f1',
        '2023-10-11',
        '2023-10-11',
        'Curso avançado sobre manejo integrado de pragas, com enfoque em estratégias sustentáveis para controle.',
        'https://www.cursomanipragas.com.br/avançado',
        'Manejo Integrado de Pragas - Avançado',
        '63e81075-8e8f-4f91-bb94-7ff7f3f59945'),
       ('a4d72d3c-b7be-42ef-aab2-c9ad17d35c3c',
        '2023-11-02',
        '2023-11-02',
        'Curso prático de poda de árvores frutíferas visando o aumento da produção e saúde das plantas.',
        'https://www.cursodepoda.com.br/árvoresfrutíferas',
        'Poda de Árvores Frutíferas',
        'eebae804-72a6-4f2b-a2aa-df0a5910bfe9'),
       ('b21a6796-bc18-46c1-9d1f-d1bc2f89babe',
        '2024-01-09',
        '2024-01-09',
        'Curso de introdução à apicultura abordando técnicas de criação de abelhas e produção de mel.',
        'https://www.cursodeapicultura.com.br/introdução',
        'Introdução à Apicultura',
        'eebae804-72a6-4f2b-a2aa-df0a5910bfe9'),
       ('c7a8b24c-16b2-43fc-a43d-2d530d603e53',
        '2024-02-05',
        '2024-02-05',
        'Curso básico sobre produção de hortaliças em pequenos espaços, ideal para iniciantes.',
        'https://www.cursodehortaliças.com.br/básico',
        'Produção de Hortaliças em Pequenos Espaços - Básico',
        'eebae804-72a6-4f2b-a2aa-df0a5910bfe9');

INSERT INTO cursos (con_id, cur_duracao_em_horas, cur_preco, cur_prazo_inscricao)
VALUES ('2700b904-4282-44be-ad2e-15e24589ac1c',
        40,
        199.99,
        null),
       ('1f69f117-7e1f-43d7-a6b3-78d250f39256',
        20,
        149.99,
        '22022-04-29'),
       ('2fd07b0d-3c83-4f50-ba2d-5b44d80d10f1',
        30,
        299.99,
        '2023-10-15'),
       ('a4d72d3c-b7be-42ef-aab2-c9ad17d35c3c',
        25,
        199.99,
        '2023-11-12'),
       ('b21a6796-bc18-46c1-9d1f-d1bc2f89babe',
        35,
        249.99,
        '2024-02-09'),
       ('c7a8b24c-16b2-43fc-a43d-2d530d603e53',
        15,
        99.99,
        '2024-03-05');

INSERT INTO con_tags (con_id, tag_id)
VALUES ('c7a8b24c-16b2-43fc-a43d-2d530d603e53', 'f6d5345c-3b2e-4c88-8897-c2965db22c3a'),
       ('2fd07b0d-3c83-4f50-ba2d-5b44d80d10f1', '10de369d-42ae-4baf-bbad-224149c653ab'),
       ('1f69f117-7e1f-43d7-a6b3-78d250f39256', 'f6d5345c-3b2e-4c88-8897-c2965db22c3a'),
       ('a4d72d3c-b7be-42ef-aab2-c9ad17d35c3c', 'df53831b-044a-4721-ba79-f09bbdd5d935'),
       ('2700b904-4282-44be-ad2e-15e24589ac1c', '8e40c043-9359-4d01-98d1-3a95a36556d2'),
       ('2700b904-4282-44be-ad2e-15e24589ac1c', 'df53831b-044a-4721-ba79-f09bbdd5d935'),
       ('b21a6796-bc18-46c1-9d1f-d1bc2f89babe', '3981b305-c46e-4782-9cbe-c40cfebbe885');