INSERT INTO conteudos (con_id, con_data_atualizacao, con_data_cadastro, con_descricao, con_link, con_titulo, con_bol_id)
VALUES ('596fa0d1-3250-40b3-b09b-6b77f77b4371', '2021-07-15', '2021-07-15',
        'Com mais de 147 expositores de diversos continentes que representa 250 marcas nacionais e internacionais, a EXPOMEAT é a principal e mais completa feira comercial realizada nos anos ímpares. 96% dos visitantes têm real perfil decisor de compra, dizem estar satisfeitos e que pretende visitar.',
        null, 'EXPOMEAT', '451228f5-cb48-47b0-9a9a-d61629bd6a67'),
       ('9b3c43fa-8294-4a77-8c0c-3b0728373f3f',
        '2022-03-29',
        '2022-03-29',
        'Feira de Agricultura Familiar reunindo produtores locais, com destaque para agricultura orgânica e práticas sustentáveis.',
        'https://www.feirasagricolas.com.br/eventos/agricultura-familiar',
        'Feira de Agricultura Familiar',
        '63e81075-8e8f-4f91-bb94-7ff7f3f59945'),
       ('d983d1a9-d676-4d79-9c2b-89b256f2c7f7',
        '2023-10-11',
        '2023-10-11',
        'Festival de Gastronomia Local com destaque para pratos regionais e demonstrações culinárias.',
        'https://www.festivalgastronomico.com.br/eventos/gastronomia-local',
        'Festival de Gastronomia Local',
        'eebae804-72a6-4f2b-a2aa-df0a5910bfe9'),
       ('cd8d03aa-678e-4b2a-99e4-07c5e945e677',
        '2023-11-02',
        '2023-11-02',
        'Apresentação de bandas locais em um festival de música ao ar livre.',
        'https://www.festivaldemusica.com.br/eventos/bandas-locais',
        'Festival de Música Local',
        '451228f5-cb48-47b0-9a9a-d61629bd6a67'),
       ('a5f8a3bb-4f9d-4a87-8b99-1a2d6b76eb40',
        '2024-01-09',
        '2024-01-09',
        'Workshop sobre inovações tecnológicas na agricultura, incluindo demonstrações práticas.',
        'https://www.workshopagricola.com.br/eventos/inovacoes-tecnologicas-agricultura',
        'Workshop de Inovações Tecnológicas na Agricultura',
        'a235123e-0a94-4c67-b623-538fcd69c2bc'),
       ('b6b3d481-eb61-4656-95e2-18a522e40a4e',
        '2024-02-05',
        '2024-02-05',
        'Palestras sobre novas práticas de conservação do solo e sua aplicabilidade na agricultura atual.',
        'https://www.palestrasagricolas.com.br/eventos/conservacao-solo-agricultura',
        'Palestras sobre Conservação do Solo na Agricultura',
        'a235123e-0a94-4c67-b623-538fcd69c2bc');


INSERT INTO eventos (con_id, eve_preco, eve_data_hora_fim, eve_data_hora_inicio, eve_local)
VALUES ('596fa0d1-3250-40b3-b09b-6b77f77b4371', 49.99,
        '2021-07-15 20:00:00',
        '2021-07-16 14:00:00',
        'Distrito Anhembi Av. Olavo Fontoura, 1209 - São Paulo - SP'),
       ('9b3c43fa-8294-4a77-8c0c-3b0728373f3f',
        25.0,
        '2022-03-29 18:00:00',
        '2022-03-23 10:00:00',
        'Centro de Convenções Municipal - Rua Principal, 123 - Cidade Local'),
       ('d983d1a9-d676-4d79-9c2b-89b256f2c7f7',
        0.0,
        '2023-10-11 17:00:00',
        '2023-10-11 08:00:00',
        'Praça Central - Av. Principal, 456 - Cidade Local'),
       ('cd8d03aa-678e-4b2a-99e4-07c5e945e677',
        15.0,
        '2023-11-02 22:00:00',
        '2023-11-02 14:00:00',
        'Parque Municipal - Rua das Artes, 789 - Cidade Local'),
       ('a5f8a3bb-4f9d-4a87-8b99-1a2d6b76eb40',
        30.0,
        '2024-01-09 20:00:00',
        '2024-01-09 16:00:00',
        'Centro de Eventos Municipal - Av. das Tecnologias, 321 - Cidade Local'),
       ('b6b3d481-eb61-4656-95e2-18a522e40a4e',
        10.0,
        '2024-02-05 19:00:00',
        '2024-02-05 12:00:00',
        'Auditório Municipal - Rua das Ciências, 567 - Cidade Local');

INSERT INTO con_tags (con_id, tag_id)
VALUES ('b6b3d481-eb61-4656-95e2-18a522e40a4e', '3981b305-c46e-4782-9cbe-c40cfebbe885'),
       ('a5f8a3bb-4f9d-4a87-8b99-1a2d6b76eb40', 'df53831b-044a-4721-ba79-f09bbdd5d935'),
       ('cd8d03aa-678e-4b2a-99e4-07c5e945e677', '10de369d-42ae-4baf-bbad-224149c653ab'),
       ('d983d1a9-d676-4d79-9c2b-89b256f2c7f7', '8e40c043-9359-4d01-98d1-3a95a36556d2'),
       ('9b3c43fa-8294-4a77-8c0c-3b0728373f3f', 'f6d5345c-3b2e-4c88-8897-c2965db22c3a'),
       ('596fa0d1-3250-40b3-b09b-6b77f77b4371', 'df53831b-044a-4721-ba79-f09bbdd5d935');