INSERT INTO conteudos (con_id, con_data_atualizacao, con_data_cadastro, con_descricao, con_link, con_titulo, con_bol_id)
VALUES ('e8398cf0-57e8-4e1d-bc5b-13ff40f1c849',
        '2021-07-15',
        '2021-07-15',
        'Práticas de Plantio Direto na Agricultura Moderna',
        'https://www.agronegocio.com/plantio-direto-agricultura',
        'Plantio Direto na Agricultura',
        '451228f5-cb48-47b0-9a9a-d61629bd6a67'),
       ('a79eac2a-3c4b-4e4c-a3b1-2d72ef5ef684',
        '2022-03-29',
        '2022-03-29',
        'Como Melhorar a Produtividade na Lavoura',
        'https://www.agronegocio.com/melhorar-produtividade-lavoura',
        'Melhorando a Produtividade na Agricultura',
        '451228f5-cb48-47b0-9a9a-d61629bd6a67'),
       ('e19428e5-ae5b-482b-bbf8-0fb5bbf0d774',
        '2023-10-11',
        '2023-10-11',
        'Criação Sustentável de Gado de Corte',
        'https://www.agronegocio.com/criacao-sustentavel-gado-corte',
        'Gado de Corte: Sustentabilidade na Pecuária',
        'eebae804-72a6-4f2b-a2aa-df0a5910bfe9'),
       ('b83e3147-3f03-4466-bc36-0a67cfd2a981',
        '2023-11-02',
        '2023-11-02',
        'Inovações em Máquinas Agrícolas',
        'https://www.agronegocio.com/inovacoes-maquinas-agricolas',
        'Novas Tecnologias para Máquinas Agrícolas',
        '63e81075-8e8f-4f91-bb94-7ff7f3f59945'),
       ('c74e72b8-05b0-4853-af0e-52133cd72488',
        '2024-01-09',
        '2024-01-09',
        'Avanços na Produção de Alimentos',
        'https://www.agronegocio.com/avancos-producao-alimentos',
        'Produção de Alimentos: Tecnologias Emergentes',
        '63e81075-8e8f-4f91-bb94-7ff7f3f59945'),
       ('f1f3e4a9-5b54-4c8f-b794-015f08070d29',
        '2024-02-05',
        '2024-02-05',
        'Genética Animal e Melhoramento Genético',
        'https://www.agronegocio.com/genetica-animal-melhoramento-genetico',
        'Avanços em Genética Animal',
        'f68d478b-3f11-4564-aa29-907a43d6a4e2');


INSERT INTO videos (con_id, vid_youtube)
VALUES ('e8398cf0-57e8-4e1d-bc5b-13ff40f1c849',
        false),
       ('a79eac2a-3c4b-4e4c-a3b1-2d72ef5ef684',
        false),
       ('e19428e5-ae5b-482b-bbf8-0fb5bbf0d774',
        false),
       ('b83e3147-3f03-4466-bc36-0a67cfd2a981',
        false),
       ('c74e72b8-05b0-4853-af0e-52133cd72488',
        false),
       ('f1f3e4a9-5b54-4c8f-b794-015f08070d29',
        false);

INSERT INTO con_tags (con_id, tag_id)
VALUES ('f1f3e4a9-5b54-4c8f-b794-015f08070d29', '3981b305-c46e-4782-9cbe-c40cfebbe885'),
       ('f1f3e4a9-5b54-4c8f-b794-015f08070d29', '10de369d-42ae-4baf-bbad-224149c653ab'),
       ('c74e72b8-05b0-4853-af0e-52133cd72488', 'df53831b-044a-4721-ba79-f09bbdd5d935'),
       ('c74e72b8-05b0-4853-af0e-52133cd72488', 'f6d5345c-3b2e-4c88-8897-c2965db22c3a'),
       ('b83e3147-3f03-4466-bc36-0a67cfd2a981', '10de369d-42ae-4baf-bbad-224149c653ab'),
       ('b83e3147-3f03-4466-bc36-0a67cfd2a981', 'df53831b-044a-4721-ba79-f09bbdd5d935'),
       ('e19428e5-ae5b-482b-bbf8-0fb5bbf0d774', '8e40c043-9359-4d01-98d1-3a95a36556d2'),
       ('e19428e5-ae5b-482b-bbf8-0fb5bbf0d774', '3981b305-c46e-4782-9cbe-c40cfebbe885'),
       ('a79eac2a-3c4b-4e4c-a3b1-2d72ef5ef684', 'f6d5345c-3b2e-4c88-8897-c2965db22c3a'),
       ('a79eac2a-3c4b-4e4c-a3b1-2d72ef5ef684', '10de369d-42ae-4baf-bbad-224149c653ab'),
       ('e8398cf0-57e8-4e1d-bc5b-13ff40f1c849', 'f6d5345c-3b2e-4c88-8897-c2965db22c3a');
